{
  "acc_bias": {
    "x": -2.001815950073242,
    "y": -2.6947936785888613,
    "z": -9.281783535253904
  },
  "gyro_bias": {
    "x": -0.8659083969465645,
    "y": 0.7498320610687027,
    "z": 0.007358778625954202
  }
}