{
  "acc_bias": {
    "x": -2.1872181382324234,
    "y": 1.3032597316894527,
    "z": 9.233559525415032
  },
  "gyro_bias": {
    "x": -1.0764274809160312,
    "y": 0.5357862595419848,
    "z": -0.07694656488549609
  }
}